dataset,seed,timeslots,rooms,teachers,groups,lessons,tasks,algorithm,title,scheduled_count,unscheduled_count,conflict_count,score,utilization_percent,elapsed_ms
constrained_rooms,1,8,3,4,3,5,13,annealing,Имитация отжига,12,1,0,100110,50.0,430.460
constrained_rooms,1,8,3,4,3,5,13,greedy,Жадный алгоритм,11,2,0,200144,45.8,0.000
constrained_rooms,1,8,3,4,3,5,13,sequential,Последовательный перебор,12,1,0,100142,50.0,0.000
constrained_rooms,1,8,3,4,3,5,13,random,Случайный порядок,12,1,0,100142,50.0,0.000
constrained_rooms,2,8,3,4,3,5,13,annealing,Имитация отжига,13,0,0,111,54.2,423.926
constrained_rooms,2,8,3,4,3,5,13,greedy,Жадный алгоритм,11,2,0,200144,45.8,0.000
constrained_rooms,2,8,3,4,3,5,13,sequential,Последовательный перебор,12,1,0,100142,50.0,0.000
constrained_rooms,2,8,3,4,3,5,13,random,Случайный порядок,11,2,0,200067,45.8,1.359
constrained_rooms,3,8,3,4,3,5,13,annealing,Имитация отжига,12,1,0,100075,50.0,391.189
constrained_rooms,3,8,3,4,3,5,13,greedy,Жадный алгоритм,11,2,0,200144,45.8,0.000
constrained_rooms,3,8,3,4,3,5,13,sequential,Последовательный перебор,12,1,0,100142,50.0,0.000
constrained_rooms,3,8,3,4,3,5,13,random,Случайный порядок,11,2,0,200106,45.8,0.000
constrained_rooms,4,8,3,4,3,5,13,annealing,Имитация отжига,13,0,0,111,54.2,434.457
constrained_rooms,4,8,3,4,3,5,13,greedy,Жадный алгоритм,11,2,0,200144,45.8,0.000
constrained_rooms,4,8,3,4,3,5,13,sequential,Последовательный перебор,12,1,0,100142,50.0,0.000
constrained_rooms,4,8,3,4,3,5,13,random,Случайный порядок,12,1,0,100076,50.0,0.000
constrained_rooms,5,8,3,4,3,5,13,annealing,Имитация отжига,12,1,0,100076,50.0,447.947
constrained_rooms,5,8,3,4,3,5,13,greedy,Жадный алгоритм,11,2,0,200144,45.8,0.000
constrained_rooms,5,8,3,4,3,5,13,sequential,Последовательный перебор,12,1,0,100142,50.0,0.000
constrained_rooms,5,8,3,4,3,5,13,random,Случайный порядок,12,1,0,100177,50.0,0.000
lab_heavy,1,12,4,4,3,5,13,annealing,Имитация отжига,13,0,0,59,27.1,475.141
lab_heavy,1,12,4,4,3,5,13,greedy,Жадный алгоритм,13,0,0,234,27.1,0.000
lab_heavy,1,12,4,4,3,5,13,sequential,Последовательный перебор,13,0,0,201,27.1,0.000
lab_heavy,1,12,4,4,3,5,13,random,Случайный порядок,13,0,0,133,27.1,0.000
lab_heavy,2,12,4,4,3,5,13,annealing,Имитация отжига,13,0,0,59,27.1,616.026
lab_heavy,2,12,4,4,3,5,13,greedy,Жадный алгоритм,13,0,0,234,27.1,0.565
lab_heavy,2,12,4,4,3,5,13,sequential,Последовательный перебор,13,0,0,201,27.1,0.000
lab_heavy,2,12,4,4,3,5,13,random,Случайный порядок,13,0,0,137,27.1,0.516
lab_heavy,3,12,4,4,3,5,13,annealing,Имитация отжига,13,0,0,59,27.1,628.081
lab_heavy,3,12,4,4,3,5,13,greedy,Жадный алгоритм,13,0,0,234,27.1,0.000
lab_heavy,3,12,4,4,3,5,13,sequential,Последовательный перебор,13,0,0,201,27.1,0.000
lab_heavy,3,12,4,4,3,5,13,random,Случайный порядок,13,0,0,135,27.1,1.001
lab_heavy,4,12,4,4,3,5,13,annealing,Имитация отжига,13,0,0,59,27.1,649.394
lab_heavy,4,12,4,4,3,5,13,greedy,Жадный алгоритм,13,0,0,234,27.1,0.000
lab_heavy,4,12,4,4,3,5,13,sequential,Последовательный перебор,13,0,0,201,27.1,0.525
lab_heavy,4,12,4,4,3,5,13,random,Случайный порядок,13,0,0,137,27.1,0.000
lab_heavy,5,12,4,4,3,5,13,annealing,Имитация отжига,13,0,0,59,27.1,638.010
lab_heavy,5,12,4,4,3,5,13,greedy,Жадный алгоритм,13,0,0,234,27.1,0.000
lab_heavy,5,12,4,4,3,5,13,sequential,Последовательный перебор,13,0,0,201,27.1,0.000
lab_heavy,5,12,4,4,3,5,13,random,Случайный порядок,13,0,0,168,27.1,1.000
medium_balanced,1,15,6,6,4,10,17,annealing,Имитация отжига,17,0,0,206,18.9,1091.605
medium_balanced,1,15,6,6,4,10,17,greedy,Жадный алгоритм,17,0,0,346,18.9,0.527
medium_balanced,1,15,6,6,4,10,17,sequential,Последовательный перебор,17,0,0,479,18.9,0.000
medium_balanced,1,15,6,6,4,10,17,random,Случайный порядок,17,0,0,464,18.9,0.534
medium_balanced,2,15,6,6,4,10,17,annealing,Имитация отжига,17,0,0,206,18.9,1058.274
medium_balanced,2,15,6,6,4,10,17,greedy,Жадный алгоритм,17,0,0,346,18.9,1.512
medium_balanced,2,15,6,6,4,10,17,sequential,Последовательный перебор,17,0,0,479,18.9,0.536
medium_balanced,2,15,6,6,4,10,17,random,Случайный порядок,17,0,0,473,18.9,0.550
medium_balanced,3,15,6,6,4,10,17,annealing,Имитация отжига,17,0,0,206,18.9,1064.379
medium_balanced,3,15,6,6,4,10,17,greedy,Жадный алгоритм,17,0,0,346,18.9,0.000
medium_balanced,3,15,6,6,4,10,17,sequential,Последовательный перебор,17,0,0,479,18.9,1.509
medium_balanced,3,15,6,6,4,10,17,random,Случайный порядок,17,0,0,408,18.9,0.000
medium_balanced,4,15,6,6,4,10,17,annealing,Имитация отжига,17,0,0,206,18.9,1016.501
medium_balanced,4,15,6,6,4,10,17,greedy,Жадный алгоритм,17,0,0,346,18.9,1.001
medium_balanced,4,15,6,6,4,10,17,sequential,Последовательный перебор,17,0,0,479,18.9,0.000
medium_balanced,4,15,6,6,4,10,17,random,Случайный порядок,17,0,0,535,18.9,1.002
medium_balanced,5,15,6,6,4,10,17,annealing,Имитация отжига,17,0,0,206,18.9,952.106
medium_balanced,5,15,6,6,4,10,17,greedy,Жадный алгоритм,17,0,0,346,18.9,0.990
medium_balanced,5,15,6,6,4,10,17,sequential,Последовательный перебор,17,0,0,479,18.9,1.031
medium_balanced,5,15,6,6,4,10,17,random,Случайный порядок,17,0,0,480,18.9,0.000
overloaded_impossible,1,4,2,3,2,4,10,annealing,Имитация отжига,4,6,0,600000,50.0,273.118
overloaded_impossible,1,4,2,3,2,4,10,greedy,Жадный алгоритм,4,6,0,600035,50.0,0.000
overloaded_impossible,1,4,2,3,2,4,10,sequential,Последовательный перебор,4,6,0,600035,50.0,0.994
overloaded_impossible,1,4,2,3,2,4,10,random,Случайный порядок,4,6,0,600051,50.0,0.000
overloaded_impossible,2,4,2,3,2,4,10,annealing,Имитация отжига,4,6,0,600000,50.0,248.576
overloaded_impossible,2,4,2,3,2,4,10,greedy,Жадный алгоритм,4,6,0,600035,50.0,0.000
overloaded_impossible,2,4,2,3,2,4,10,sequential,Последовательный перебор,4,6,0,600035,50.0,0.000
overloaded_impossible,2,4,2,3,2,4,10,random,Случайный порядок,4,6,0,600051,50.0,0.000
overloaded_impossible,3,4,2,3,2,4,10,annealing,Имитация отжига,4,6,0,600102,50.0,279.564
overloaded_impossible,3,4,2,3,2,4,10,greedy,Жадный алгоритм,4,6,0,600035,50.0,0.000
overloaded_impossible,3,4,2,3,2,4,10,sequential,Последовательный перебор,4,6,0,600035,50.0,0.000
overloaded_impossible,3,4,2,3,2,4,10,random,Случайный порядок,4,6,0,600000,50.0,0.000
overloaded_impossible,4,4,2,3,2,4,10,annealing,Имитация отжига,4,6,0,600051,50.0,236.527
overloaded_impossible,4,4,2,3,2,4,10,greedy,Жадный алгоритм,4,6,0,600035,50.0,0.000
overloaded_impossible,4,4,2,3,2,4,10,sequential,Последовательный перебор,4,6,0,600035,50.0,0.000
overloaded_impossible,4,4,2,3,2,4,10,random,Случайный порядок,4,6,0,600051,50.0,0.000
overloaded_impossible,5,4,2,3,2,4,10,annealing,Имитация отжига,4,6,0,600035,50.0,273.867
overloaded_impossible,5,4,2,3,2,4,10,greedy,Жадный алгоритм,4,6,0,600035,50.0,0.000
overloaded_impossible,5,4,2,3,2,4,10,sequential,Последовательный перебор,4,6,0,600035,50.0,0.000
overloaded_impossible,5,4,2,3,2,4,10,random,Случайный порядок,4,6,0,600016,50.0,0.000
small_basic,1,6,3,3,2,3,5,annealing,Имитация отжига,5,0,0,30,27.8,234.234
small_basic,1,6,3,3,2,3,5,greedy,Жадный алгоритм,5,0,0,30,27.8,0.000
small_basic,1,6,3,3,2,3,5,sequential,Последовательный перебор,5,0,0,65,27.8,0.000
small_basic,1,6,3,3,2,3,5,random,Случайный порядок,5,0,0,65,27.8,0.000
small_basic,2,6,3,3,2,3,5,annealing,Имитация отжига,5,0,0,30,27.8,277.061
small_basic,2,6,3,3,2,3,5,greedy,Жадный алгоритм,5,0,0,30,27.8,0.000
small_basic,2,6,3,3,2,3,5,sequential,Последовательный перебор,5,0,0,65,27.8,0.555
small_basic,2,6,3,3,2,3,5,random,Случайный порядок,5,0,0,30,27.8,0.000
small_basic,3,6,3,3,2,3,5,annealing,Имитация отжига,5,0,0,30,27.8,251.060
small_basic,3,6,3,3,2,3,5,greedy,Жадный алгоритм,5,0,0,30,27.8,0.528
small_basic,3,6,3,3,2,3,5,sequential,Последовательный перебор,5,0,0,65,27.8,0.000
small_basic,3,6,3,3,2,3,5,random,Случайный порядок,5,0,0,30,27.8,0.000
small_basic,4,6,3,3,2,3,5,annealing,Имитация отжига,5,0,0,30,27.8,257.579
small_basic,4,6,3,3,2,3,5,greedy,Жадный алгоритм,5,0,0,30,27.8,0.000
small_basic,4,6,3,3,2,3,5,sequential,Последовательный перебор,5,0,0,65,27.8,0.000
small_basic,4,6,3,3,2,3,5,random,Случайный порядок,5,0,0,30,27.8,0.000
small_basic,5,6,3,3,2,3,5,annealing,Имитация отжига,5,0,0,30,27.8,278.279
small_basic,5,6,3,3,2,3,5,greedy,Жадный алгоритм,5,0,0,30,27.8,0.000
small_basic,5,6,3,3,2,3,5,sequential,Последовательный перебор,5,0,0,65,27.8,0.000
small_basic,5,6,3,3,2,3,5,random,Случайный порядок,5,0,0,30,27.8,0.000
